name,brand,gender,fragrance_type,accords
Santal 33,Le Labo,unisex,EDP,"woody, leather, aromatic, powdery, violet"
Another 13,Le Labo,unisex,EDP,"musky, woody, amber, fresh"
Rose 31,Le Labo,unisex,EDP,"rose, woody, warm spicy, aromatic, earthy"
Thé Noir 29,Le Labo,unisex,EDP,"woody, tobacco, aromatic, fruity, earthy"
Bergamote 22,Le Labo,unisex,EDP,"citrus, musky, woody, fresh, amber"
Thé Matcha 26,Le Labo,unisex,EDP,"green, woody, aromatic, fresh"
Lys 41,Le Labo,female,EDP,"white floral, tuberose, vanilla, musky"
Ylang 49,Le Labo,female,EDP,"floral, chypre, mossy, woody"
Patchouli 24,Le Labo,unisex,EDP,"smoky, leather, vanilla, balsamic, patchouli"
Fleur d'Oranger 27,Le Labo,unisex,EDP,"white floral, citrus, fresh, musky"
Vetiver 46,Le Labo,unisex,EDP,"woody, smoky, warm spicy, balsamic"
Oud 27,Le Labo,unisex,EDP,"oud, woody, animalic, rose, smoky"
Baie 19,Le Labo,unisex,EDP,"green, fresh, aquatic, ozonic"
Jasmin 17,Le Labo,female,EDP,"white floral, jasmine, musky, fresh"
Tonka 25,Le Labo,unisex,EDP,"vanilla, sweet, woody, amber"
Bleecker Street,Bond No. 9,unisex,EDP,"green, fresh, aromatic, fruity"
Lafayette Street,Bond No. 9,unisex,EDP,"citrus, fresh spicy, aromatic, woody"
New York Nights,Bond No. 9,unisex,EDP,"citrus, fruity, white floral, woody"
Chinatown,Bond No. 9,unisex,EDP,"sweet, warm spicy, floral, fruity, vanilla"
Lexington Avenue,Bond No. 9,male,EDP,"citrus, fresh spicy, woody, amber"
Wall Street,Bond No. 9,unisex,EDP,"aquatic, fresh, citrus, musky"
The Scent of Peace,Bond No. 9,female,EDP,"fruity, fresh, floral, musky"
Nolita,Bond No. 9,female,EDP,"white floral, sweet, powdery, fruity"
Bryant Park,Bond No. 9,female,EDP,"floral, citrus, powdery, musky"
Andy Warhol Silver Factory,Bond No. 9,unisex,EDP,"amber, woody, smoky, iris"
New Haarlem,Bond No. 9,unisex,EDP,"coffee, sweet, vanilla, woody, aromatic"
Greenwich Village,Bond No. 9,unisex,EDP,"fruity, floral, sweet, musky"
I Love New York for Her,Bond No. 9,female,EDP,"fruity, floral, sweet, musky"
Riverside Drive,Bond No. 9,male,EDP,"citrus, fresh spicy, aromatic, woody"
Central Park West,Bond No. 9,unisex,EDP,"green, citrus, fresh, woody"
Hibiscus Mahajad,Maison Crivelli,unisex,EDP,"leather, rose, fruity, woody, warm spicy"
Oud Maracuja,Maison Crivelli,unisex,Extrait,"oud, tropical, leather, fruity, woody"
Tubéreuse Astrale,Maison Crivelli,female,EDP,"tuberose, white floral, sweet, musky"
Santal Volcanique,Maison Crivelli,unisex,EDP,"sandalwood, woody, smoky, warm spicy"
Iris Malikhan,Maison Crivelli,unisex,EDP,"iris, powdery, vanilla, amber"
Absinthe Boréale,Maison Crivelli,unisex,EDP,"aromatic, green, fresh, woody"
Papyrus Moléculaire,Maison Crivelli,unisex,EDP,"woody, smoky, leather, earthy"
X Masculine,Clive Christian,male,Parfum,"woody, warm spicy, fruity, amber"
X Feminine,Clive Christian,female,Parfum,"floral, fruity, powdery, amber"
1872 Masculine,Clive Christian,male,Parfum,"citrus, fresh, aromatic, woody"
1872 Feminine,Clive Christian,female,Parfum,"floral, fruity, rose, musky"
C Masculine,Clive Christian,male,Parfum,"fresh spicy, citrus, woody, leather"
Blonde Amber,Clive Christian,unisex,Parfum,"amber, vanilla, sweet, woody"
Matsukita,Clive Christian,unisex,Parfum,"woody, warm spicy, smoky, leather"
